{
    "Locations": [
      {
        "Latitude": 37.9998332818384,
        "Longitude": 23.7431771479843
      },
      {
        "Latitude": 37.966783510526,
        "Longitude": 23.7786055336422
      },
      {
        "Latitude": 37.9990464764814,
        "Longitude": 23.7732513981902
      }
    ]
  }